"price_usd","featured","year","number_of_engines","cruise_speed_knots","title","manufacturer","features","range_nm","cabin_length_ft","model","baggage_cubic_ft","slug","gallery","cabin_height_ft","interior_description","image_url","max_passengers","serial_number","exterior_finish","avionics","total_landings","total_time_hours","engine_type","registration","location","category","status","id","created_date","updated_date","created_by_id","is_sample"
"79900000","true","2024","2","516","2024 Gulfstream G700","Gulfstream","[""Four-zone living spaces"",""Permanent aft stateroom with shower"",""Forward full-size galley"",""Crew rest compartment"",""100% fresh air system"",""High-speed Ka-band connectivity"",""Circadian cabin lighting""]","7750","56","G700","195","2024-gulfstream-g700","[""https://media.base44.com/images/public/6a7836bccf56de7608a9151b/0ff8c8401_generated_image.png"",""https://media.base44.com/images/public/6a7836bccf56de7608a9151b/6d1ee7ced_generated_e48d4732.png"",""https://media.base44.com/images/public/6a7836bccf56de7608a9151b/df1bfefaf_generated_c4f80675.png""]","6.25","Four-zone flagship cabin with circadian lighting, 100% fresh air every two minutes, forward galley, dedicated crew rest and a private aft suite with permanent bed and en-suite lavatory.","https://media.base44.com/images/public/6a7836bccf56de7608a9151b/0ff8c8401_generated_image.png","19","GA-G700-0001","Pearl White with navy pinstripe","Gulfstream PlaneView II flight deck with head-up display and enhanced and synthetic vision.","60","120","Rolls-Royce Pearl 700","N700GX","Savannah, Georgia (KSAV)","Ultra Long Range Jets","For Sale","6a797e6c19b9513625888797","2026-08-10T07:31:56.344000","2026-08-10T07:31:56.344000","6a7836bccf56de7608a9151c","false"
"82500000","true","2023","2","525","2023 Bombardier Global 8000","Bombardier","[""Four-zone true living spaces"",""Permanent stateroom with en-suite shower"",""Nuage seating with deep sleep capability"",""Lowest cabin pressure altitude in class"",""Solaris circadian lighting"",""Ka-band high-speed connectivity"",""Full-length galley with steam oven""]","8000","55.1","Global 8000","320","2023-bombardier-global-8000","[""https://media.base44.com/images/public/6a7836bccf56de7608a9151b/ca2fe025c_generated_image.png"",""https://media.base44.com/images/public/6a7836bccf56de7608a9151b/6d1ee7ced_generated_e48d4732.png"",""https://media.base44.com/images/public/6a7836bccf56de7608a9151b/39a7cef9c_generated_ce71a200.png""]","6.2","Four-zone ultra-long-range cabin with the lowest cabin pressure altitude in its class, full-length galley, private stateroom, Nuage deep-sleep seating and Pũr Air purification.","https://media.base44.com/images/public/6a7836bccf56de7608a9151b/ca2fe025c_generated_image.png","19","BD-GA-8001","Pearl White with cobalt accents","Bombardier Vision flight deck with head-up display, enhanced and synthetic vision and real-time systems management.","195","280","GE Passport 20-1","N800GX","Dubai World Central (OMDW)","Ultra Long Range Jets","For Sale","6a797e6c19b9513625888798","2026-08-10T07:31:56.344000","2026-08-10T07:31:56.344000","6a7836bccf56de7608a9151c","false"
"63500000","false","2022","3","470","2022 Dassault Falcon 8X","Dassault","[""Three-engine reliability"",""Three-zone cabin"",""FalconEye combined vision system"",""Dual aft lavatories"",""60% fresh air system"",""Quietest cabin in class"",""High-speed X-band connectivity""]","6450","42.8","Falcon 8X","140","2022-dassault-falcon-8x","[""https://media.base44.com/images/public/6a7836bccf56de7608a9151b/fe70746b3_generated_image.png"",""https://media.base44.com/images/public/6a7836bccf56de7608a9151b/6d1ee7ced_generated_e48d4732.png"",""https://media.base44.com/images/public/6a7836bccf56de7608a9151b/df1bfefaf_generated_c4f80675.png""]","6.2","Three-engine tri-jet with a quiet, three-zone cabin. Dual aft lavatories, forward galley, deep acoustic insulation and large bespoke windows for natural light.","https://media.base44.com/images/public/6a7836bccf56de7608a9151b/fe70746b3_generated_image.png","16","DA-8X-089","Falcon White with gold accent sweep","Dassault EASy III flight deck with FalconEye combined vision system and synthetic vision.","410","640","Pratt & Whitney Canada PW308C","F-HFAL","Paris Le Bourget (LFPB)","Long Range Jets","Under Offer","6a797e6c19b9513625888799","2026-08-10T07:31:56.344000","2026-08-10T07:31:56.344000","6a7836bccf56de7608a9151c","false"
"22900000","false","2021","2","450","2021 Embraer Legacy 600","Embraer","[""Largest cabin in heavy class"",""240 cu ft in-flight baggage access"",""Three-zone comfort"",""Full-size galley"",""Forward crew rest"",""Honeywell Primus Epic"",""Wi-Fi connectivity""]","3700","49.9","Legacy 600","240","2021-embraer-legacy-600","[""https://media.base44.com/images/public/6a7836bccf56de7608a9151b/76ca97971_generated_image.png"",""https://media.base44.com/images/public/6a7836bccf56de7608a9151b/6d1ee7ced_generated_e48d4732.png"",""https://media.base44.com/images/public/6a7836bccf56de7608a9151b/39a7cef9c_generated_ce71a200.png""]","6","Largest cabin in its class with three distinct zones, full-size galley, forward crew rest, stand-up lavatory and a remarkable 240 cubic feet of baggage space accessible in flight.","https://media.base44.com/images/public/6a7836bccf56de7608a9151b/76ca97971_generated_image.png","14","145-L600-223","Arctic White with blue pinstripe","Honeywell Primus Epic integrated avionics with EGPWS and TCAS II.","620","1050","Rolls-Royce AE 3007A","PR-LGT","São Paulo Guarulhos (SBGR)","Heavy Jets","For Sale","6a797e6c19b951362588879a","2026-08-10T07:31:56.344000","2026-08-10T07:31:56.344000","6a7836bccf56de7608a9151c","false"
"26300000","false","2023","2","483","2023 Cessna Citation Longitude","Cessna","[""Flat-floor cabin"",""Stand-up in-flight baggage"",""Full divan and club seating"",""Enclosed lavatory"",""Garmin G5000 with auto-throttle"",""Wireless cabin management"",""Refreshment center""]","3500","25.2","Citation Longitude","120","2023-cessna-citation-longitude","[""https://media.base44.com/images/public/6a7836bccf56de7608a9151b/fe70746b3_generated_image.png"",""https://media.base44.com/images/public/6a7836bccf56de7608a9151b/6d1ee7ced_generated_e48d4732.png"",""https://media.base44.com/images/public/6a7836bccf56de7608a9151b/df1bfefaf_generated_c4f80675.png""]","6","Flat-floor super-midsize cabin with club seating, a full divan, forward galley, fully enclosed lavatory and a stand-up baggage compartment accessible throughout the flight.","https://media.base44.com/images/public/6a7836bccf56de7608a9151b/fe70746b3_generated_image.png","12","C680A-0089","Pearl White with champagne accents","Garmin G5000 integrated flight deck with touch-screen controls and auto-throttle.","290","410","Honeywell HTF7700L","N555CX","Geneva (LSGG)","Super Midsize Jets","For Sale","6a797e6c19b951362588879b","2026-08-10T07:31:56.344000","2026-08-10T07:31:56.344000","6a7836bccf56de7608a9151c","false"
"11800000","false","2022","2","464","2022 Embraer Phenom 300E","Embraer","[""Largest baggage in light class"",""Six-place club seating"",""Refreshment center"",""Enclosed lavatory"",""Garmin G3000 avionics"",""Wi-Fi connectivity"",""Premium BMW Designworks interior""]","2010","23.9","Phenom 300E","71","2022-embraer-phenom-300e","[""https://media.base44.com/images/public/6a7836bccf56de7608a9151b/76ca97971_generated_image.png"",""https://media.base44.com/images/public/6a7836bccf56de7608a9151b/6d1ee7ced_generated_e48d4732.png"",""https://media.base44.com/images/public/6a7836bccf56de7608a9151b/39a7cef9c_generated_ce71a200.png""]","6","Best-in-class light jet with a six-place club, refreshment centre, enclosed lavatory and the largest baggage compartment in the light-jet category.","https://media.base44.com/images/public/6a7836bccf56de7608a9151b/76ca97971_generated_image.png","8","EMB-505-00401","Diamond White with red sweep","Garmin G3000 touch avionics with synthetic vision technology.","240","380","Pratt & Whitney Canada PW545E","N300PH","Lagos Murtala Muhammed (DNMM)","Light Jets","For Sale","6a797e6c19b951362588879c","2026-08-10T07:31:56.344000","2026-08-10T07:31:56.344000","6a7836bccf56de7608a9151c","false"
"3900000","false","2024","1","311","2024 Cirrus Vision Jet G2","Cirrus","[""Cirrus Airframe Parachute System (CAPS)"",""Single-engine economy"",""Panoramic cabin windows"",""Climate-controlled cabin"",""Garmin autoland"",""Side-stick perspective cockpit"",""In-flight refreshment storage""]","1300","12.7","Vision Jet G2","25","2024-cirrus-vision-jet-g2","[""https://media.base44.com/images/public/6a7836bccf56de7608a9151b/76ca97971_generated_image.png"",""https://media.base44.com/images/public/6a7836bccf56de7608a9151b/6d1ee7ced_generated_e48d4732.png"",""https://media.base44.com/images/public/6a7836bccf56de7608a9151b/df1bfefaf_generated_c4f80675.png""]","4.5","Single-engine personal jet with panoramic cabin windows, climate-controlled pressurised cabin and the renowned Cirrus Airframe Parachute System for class-leading peace of mind.","https://media.base44.com/images/public/6a7836bccf56de7608a9151b/76ca97971_generated_image.png","6","VK2-0018","Pearl White with carbon trim accents","Garmin Perspective Touch+ with autoland and synthetic vision.","90","110","Williams International FJ33-5A","N555VJ","London Oxford (EGTK)","Very Light Jets","For Sale","6a797e6c19b951362588879d","2026-08-10T07:31:56.344000","2026-08-10T07:31:56.344000","6a7836bccf56de7608a9151c","false"
"98000000","true","2023","2","473","2023 Airbus ACJ319neo","Airbus","[""Private bedroom with shower suite"",""Dining and lounge for twelve"",""Dedicated crew rest"",""Cargo-to-cabin supplemental tanks for 6500 nm range"",""Tallest and widest cabin in VIP category"",""Satcom and Ka-band connectivity"",""Full single-point refuel and external power""]","6500","84","ACJ319neo","200","2023-airbus-acj319neo","[""https://media.base44.com/images/public/6a7836bccf56de7608a9151b/0ff8c8401_generated_image.png"",""https://media.base44.com/images/public/6a7836bccf56de7608a9151b/6d1ee7ced_generated_e48d4732.png"",""https://media.base44.com/images/public/6a7836bccf56de7608a9151b/39a7cef9c_generated_ce71a200.png""]","7.4","A near-new VIP-configured cabin: private bedroom with shower suite, executive lounge and dining for twelve, plus dedicated crew rest and full connectivity across intercontinental ranges.","https://media.base44.com/images/public/6a7836bccf56de7608a9151b/0ff8c8401_generated_image.png","19","ACJ-319-19000","Pearl White with gold accent stripe","Airbus cockpit with CAT III autoland, ADS-B and state-of-the-art fly-by-wire systems.","8","15","CFM International LEAP-1A","9H-ACJ","Dubai World Central (OMDW)","VIP Airliners","For Sale","6a797e6c19b951362588879e","2026-08-10T07:31:56.344000","2026-08-10T07:31:56.344000","6a7836bccf56de7608a9151c","false"
"78500000","true","2023","2","470","2023 Bombardier Global 7500","Bombardier","[""Permanent stateroom with en-suite shower"",""Full-length gallery with steam oven"",""Nuage seating with deep sleep capability"",""Touchless lavatory system"",""Solaris lighting circadian rhythm system"",""High-speed Ka-band connectivity""]","7700","54.5","Global 7500","320","2023-bombardier-global-7500","[""https://media.base44.com/images/public/6a7836bccf56de7608a9151b/0ff8c8401_generated_image.png"",""https://media.base44.com/images/public/6a7836bccf56de7608a9151b/6d1ee7ced_generated_e48d4732.png"",""https://media.base44.com/images/public/6a7836bccf56de7608a9151b/df1bfefaf_generated_c4f80675.png""]","6","Four-zone true living spaces, full-length galley, private stateroom with permanent bed and en-suite lavatory. Hand-stitched leather seating, Macassar ebony veneers and a full HD entertainment system.","https://media.base44.com/images/public/6a7836bccf56de7608a9151b/0ff8c8401_generated_image.png","19","BD-700-2A12","Pearl White with Champagne Gold accents","Bombardier Vision flight deck with systems management, head-up display and enhanced and synthetic vision.","312","485","GE Passport 20-1","N750GX","London Biggin Hill (EGKB)","Ultra Long Range Jets","For Sale","6a79784611c09dde133cfef6","2026-08-10T07:05:42.125000","2026-08-10T07:05:42.125000","6a7836bccf56de7608a9151c","false"
"69500000","true","2022","2","488","2022 Gulfstream G650","Gulfstream","[""Sixteen panoramic windows"",""Forward and aft lavatories"",""Crew rest compartment"",""100% fresh air system every two minutes"",""Active noise cancellation"",""High-speed Ka-band connectivity""]","7000","46.3","G650","195","2022-gulfstream-g650","[""https://media.base44.com/images/public/6a7836bccf56de7608a9151b/ca2fe025c_generated_image.png"",""https://media.base44.com/images/public/6a7836bccf56de7608a9151b/6d1ee7ced_generated_e48d4732.png"",""https://media.base44.com/images/public/6a7836bccf56de7608a9151b/39a7cef9c_generated_ce71a200.png""]","6.2","Sixteen signature Gulfstream panoramic windows. Forward galley, two lavatories and a crew rest. Cream leather, burl wood veneers and a digital cabin management system.","https://media.base44.com/images/public/6a7836bccf56de7608a9151b/ca2fe025c_generated_image.png","14","GA-6145","Glacier White with navy pinstripe","PlaneView II avionics suite with enhanced and synthetic vision systems.","506","780","Rolls-Royce BR725","N650GV","Teterboro, New York (KTEB)","Ultra Long Range Jets","For Sale","6a79784611c09dde133cfef7","2026-08-10T07:05:42.125000","2026-08-10T07:05:42.125000","6a7836bccf56de7608a9151c","false"
"28900000","false","2021","2","473","2021 Dassault Falcon 2000LXS","Dassault","[""Sliding soundproof doors"",""Two divans and club seating"",""Forward galley"",""FalconCabin HD+ entertainment"",""Cabin pressure altitude 3,900 ft"",""High-speed X-band connectivity""]","4000","26","Falcon 2000LXS","131","2021-dassault-falcon-2000lxs","[""https://media.base44.com/images/public/6a7836bccf56de7608a9151b/fe70746b3_generated_image.png"",""https://media.base44.com/images/public/6a7836bccf56de7608a9151b/6d1ee7ced_generated_e48d4732.png"",""https://media.base44.com/images/public/6a7836bccf56de7608a9151b/df1bfefaf_generated_c4f80675.png""]","6.2","Three-zone cabin with club seating, two divans and a forward galley. Leather seating, French walnut veneer and sliding soundproof doors throughout.","https://media.base44.com/images/public/6a7836bccf56de7608a9151b/fe70746b3_generated_image.png","10","DA-2000LXS-219","Falcon grey with gold accent line","EASy II flight deck with three large displays and synthetic vision.","870","1240","PW308C","GL-F2LX","Paris Le Bourget (LFPB)","Super Midsize Jets","Under Offer","6a79784611c09dde133cfef8","2026-08-10T07:05:42.125000","2026-08-10T07:05:42.125000","6a7836bccf56de7608a9151c","false"
"18500000","false","2024","2","443","2024 Cessna Citation Latitude","Cessna","[""Flat-floor cabin"",""Six-place club seating"",""Enclosed lavatory"",""Clarity cabin management system"",""Refreshment centre"",""Lithium-ion main battery""]","2700","21.9","Citation Latitude","125","2024-cessna-citation-latitude","[""https://media.base44.com/images/public/6a7836bccf56de7608a9151b/76ca97971_generated_image.png"",""https://media.base44.com/images/public/6a7836bccf56de7608a9151b/6d1ee7ced_generated_e48d4732.png"",""https://media.base44.com/images/public/6a7836bccf56de7608a9151b/39a7cef9c_generated_ce71a200.png""]","6","Flat-floor cabin with six club seats and a fully enclosed lavatory. Modern interior in neutral tones with titanium accents and large windows for natural light.","https://media.base44.com/images/public/6a7836bccf56de7608a9151b/76ca97971_generated_image.png","9","C68A-0452","Arctic White with silver sweep","Garmin G5000 integrated flight deck with touch controls.","140","215","PW306D1","N240CY","Geneva (LSGG)","Midsize Jets","For Sale","6a79784611c09dde133cfef9","2026-08-10T07:05:42.125000","2026-08-10T07:05:42.125000","6a7836bccf56de7608a9151c","false"